File;NBO1;NBO2;E2(kcal/mol)
example.log;48;400;16.71951842239595
example.log;50;403;10.851430051291532
example.log;51;206;0.03853958551365023